,id
0,100064458979346
1,100007262411506
2,111419770654355
3,112116840259255
4,104585475447425
5,100083980837352
6,100091445229591
7,100084310254482
8,100089669205064
9,100083627979619
10,100039956857464
11,100071423114989
12,100014837229069
13,100015898395958
14,100091342356533
15,100083980837352
16,100091445229591
17,100084310254482
18,100089669205064
19,100083627979619
20,100039956857464
21,100071423114989
22,100014837229069
23,100015898395958
24,100091342356533
25,100091580770256
26,100020993803522
27,100090456316293
28,100000598299547
29,100087928316720
30,100086929414421
31,100091298539084
32,100090057334451
33,100069367555430
34,100091266266613
35,100088525100457
36,100091493045482
37,100091179924258
38,100087742192068
39,100005017390216
40,100091760012283
41,100083301593139
42,100091479484050
43,100091431436305
44,100091283451033
45,100089591989752
46,100081301693676
47,100090544939512
48,100091595077628
49,100091260247056
50,100088236498432
51,100088136535794
52,100091729472005
53,100090343434686
54,100090178126035
55,100091575220269
56,100091408575602
57,100091241918948
58,100091532857628
59,100088137582435
60,100072034305776
61,100085079724104
62,100089224711380
63,100058941874005
64,100091349862140
65,100091229336998
66,100056696011197
67,100027421458362
68,100090434327634
69,100088373877626
70,100003606992948
71,100091639056874
72,100091454326223
73,100091374530352
74,100078825640636
75,100090717459488
76,100000526928249
77,100091458885941
78,100083196640784
79,100091451531713
80,100088951175432
81,100044185039998
82,100090924774745
83,100059893263781
84,100063803539239
85,100085580462278
86,100087225713089
87,100091554460885
88,100007529114253
89,100091252254021
90,100091351250745
91,100063894525298
92,100091755901660
93,100091475075797
94,100090222176841
95,100091057047728
96,100078678211756
97,100090284690202
98,100089683093510
99,100054326390481
100,100089482600318
101,100009204842440
102,100081846489275
103,100091321040372
104,100003728938628
105,100057353866678
106,100090752612298
107,100090921234213
108,100005369984653
109,100091497912589
110,100054707241058
111,100091327272127
112,100091628286311
113,100089322335011
114,100083873920381
115,100050768153437
116,100089425427248
117,100083691308088
118,100089873522156
119,100007884552707
120,100086499049784
121,100087990065145
122,100091530821381
123,100091246004322
124,100024335136889
125,100087640921609
126,100089713440488
127,100091580408657
128,100091456632412
129,100090814411691
130,100086762564915
131,100084625846723
132,100063735263428
133,100091484133368
134,100030851863560
135,100083799430982
136,100091481743290
137,100086161943689
138,100086657306304
139,100089541267518
140,100089664874499
141,100087861674235
142,100076686018966
143,100089534510401
144,100081511924750
145,100091463744319
146,100087960469071
147,100090517694964
148,100086284748949
149,100091483600697
150,100084719533351
151,100059038694351
152,100090015751602
153,100059065241590
154,100089475802943
155,100091140627006
156,100091520981348
157,100089540935178
158,100091498894953
159,100041071622151
160,100091116537754
161,100058062186742
162,100081467501194
163,100090724471968
164,100090729454176
165,100090443995456
166,100075768534701
167,100080818912380
168,100091300270926
169,100089683214821
170,100091403987068
171,100010435123816
172,100091253138418
173,100051890229869
174,100091344976240
175,100089366466700
176,100091305412192
177,100049278930313
178,100089061428276
179,100089247990252
180,100072218423903
181,100091347349661
182,100088078806934
183,100089558782722
184,100067495111320
185,100056604737956
186,100088674795035
187,100090484106324
188,100091494244507
189,100041861947993
190,100090823387098
191,100003536524412
192,100090485091163
193,100091135766558
194,100000093461880
195,100090351200122
196,100083068395223
197,100091306329398
198,100002807740539
199,100090922230745
200,100091388508029
201,100091070151875
202,100089900651755
203,100090637735438
204,100090328952418
205,100091309969149
206,100090188833259
207,100090323952836
208,100091055547550
209,100013486992497
210,100002057352261
211,100003352325283
212,100085964768124
213,100050269922608
214,100091543503052
215,100085098186283
216,100014966868457
217,100091338214337
218,100010715134689
219,100086271459754
220,100034144294030
221,100090603593189
222,100091559646984
223,100010157262962
224,100089888811864
225,100090368676750
226,100069168378413
227,100072146349639
228,100091319930634
229,100091109183894
230,100091418922099
231,100087849963356
232,100088625392728
233,100091511560505
234,100087058654679
235,100091517080289
236,100088904855237
237,100053395281786
238,100004014264720
239,100057800292520
240,100075495281691
241,100089343556213
242,100024183984221
243,100011828469662
244,100091397557870
245,100089565710740
246,100091589646160
247,100091506640694
248,100091402532818
249,100089617914302
250,100088212845229
251,100052893435473
252,100085013577119
253,100089947737773
254,100089218250271
255,100090366227088
256,100091505227543
257,100010247771482
258,100089541468170
259,100084385804827
260,100091632633668
261,100091685641472
262,100011599268158
263,100015590071328
264,100090681303087
265,100089768899554
266,100014451338719
267,100027873937033
268,100091152410018
269,100088453597723
270,100014884090673
271,100091431404466
272,100088506020024
273,100066302996375
274,100002923176481
275,100091244645918
276,100055634864171
277,100071468635749
278,100090033924009
279,100091455283130
280,100091277627815
281,100091482431346
282,100083849238499
283,100090601623057
284,100091329660376
285,100091379865787
286,100051720064534
287,100090566394346
288,100081253917392
289,100062364531323
290,100091341888454
291,100090624206973
292,100091360397556
293,100030519614561
294,100050988225669
295,100086748112277
296,100004636097189
297,100084299797597
298,100090880957374
299,100091306850587
300,100084954369537
301,100090907149102
302,100091398011767
303,100045851631230
304,100091639773111
305,100091131758513
306,100085755447028
307,100081267117202
308,100090674675539
309,100078153042124
310,100090576910019
311,100007588174818
312,100091381426129
313,100091244585154
314,100081087496341
315,100091490650215
316,100087436153886
317,100086596431861
318,100086212181330
319,1364686153
320,100088415080816
321,100089585391926
322,100008824720406
323,100056241064379
324,100006526429930
325,100077703739635
326,100091599454413
327,100091050387033
328,100091294130411
329,100088135304608
330,100090436183239
331,100091278561336
332,100089891357947
333,100091567266404
334,100090475612282
335,100029678553637
336,100080813370684
337,100091385265714
338,100090691803663
339,100067111021936
340,100090603643795
341,100091205363601
342,100089752513882
343,100003801021280
344,100049524392949
345,100091376591805
346,100091226302844
347,100073975008555
348,100064134587293
349,100086131037154
350,100091180013320
351,100089322054143
352,100088162695770
353,100091350676195
354,100086951945675
355,100023519719207
356,100091283688933
357,100091127445037
358,100015502626859
359,100089425944098
360,100089723323638
361,100081990393048
362,100086724294537
363,100065031407259
364,100086698162791
365,100087144458786
366,100088841920535
367,100087153841665
368,100077716575330
369,100089507363266
370,100083231027951
371,100090251860400
372,100083375985470
373,100001425769998
374,100083630795859
375,100088301414925
376,100089965221069
377,100085178754251
378,100091353346046
379,100090057074729
380,100091262628202
381,100090201121832
382,100088121394691
383,100071648405515
384,100089096771562
385,100065345434482
386,100051528309449
387,100089917071283
388,100003497162944
389,100091190211641
390,100089548165717
391,100090433665752
392,100079690993095
393,100091551271516
394,100087874094514
395,100088235064163
396,100090705780025
397,100083740955059
398,100090403083713
399,100090785151596
400,100063658066450
401,100077828269223
402,100090302932726
403,100015587857143
404,100063698584363
405,100091089549526
406,100091288429106
407,100091506038090
408,100031304121000
409,100091229511312
410,100064833967074
411,100063985481809
412,100090484398174
413,100054347276130
414,1146297885
415,100053358766372
416,100091486539113
417,100053897798780
418,100063613072091
419,100091212527246
420,100089813085619
421,100063940500409
422,100091280479605
423,100076162172530
424,100089721087647
425,100091361641422
426,100091450868374
427,100038049556850
428,100076643437692
429,100089837420563
430,100090656500302
431,100089216400248
432,100014290892395
433,100054184786032
434,100089674402468
435,100087513527765
436,100090985118031
437,100070208835915
438,100091459719924
439,100090867457413
440,100010584889024
441,100084365187532
442,100088393537678
443,100009819462576
444,100004394258541
445,100085454583587
446,100091433797951
447,100090385841426
448,100027775192815
449,100022781941133
450,100091219730878
451,100091385702861
452,100091449667377
453,100089223664516
454,100090332575156
455,100083127351494
456,100063633362056
457,100090413691954
458,100083032790818
459,100091134352230
460,100025009420588
461,100090944408400
462,100091299137995
463,100080480507970
464,100049018872527
465,100091420331544
466,100090527569191
467,100009178764109
468,100090298011682
469,100037372324407
470,100062092743661
471,100091457799444
472,100054872436314
473,100080023848159
474,100091439890109
475,100031311044585
476,100002585490854
477,100091522055703
478,100089988330972
479,100050088851263
480,100066973760361
481,100083693599029
482,100090121574169
483,100077322294104
484,100091627680419
485,100085179491673
486,100087447973596
487,100055472284913
488,100091609771183
489,100090064629342
490,100090186098055
491,100088487119083
492,100068992784597
493,100086262675219
494,100089555064936
495,100077165678685
496,100077341685642
497,100091514495983
498,100078515380963
499,100009746803226
500,100090497420966
501,100089897547641
502,100090008090998
503,100050522760244
504,100063680726720
505,100079622798855
506,100091520222324
507,100090695295664
508,100084464466998
509,100090621489523
510,100066407516401
511,100091086740471
512,100090466370113
513,100090109254015
514,100090281514292
515,100089560974557
516,100029193372511
517,100045666039490
518,100089015358849
519,100077485983293
520,100089420773514
521,100073418269916
522,100065864931022
523,100091581960997
524,100090292214285
525,100048155574165
526,100071357004375
527,100028616356020
528,100065772840695
529,100000312844400
530,100089433853200
531,100089564491432
532,100054407772265
533,100091370168642
534,100090352670558
535,100034167061978
536,100091413128969
537,100083017729988
538,100068239560203
539,100023554712152
540,100091091320946
541,100003817181666
542,100086241469133
543,100091557812715
544,100087917476904
545,100026273090268
546,100090573557414
547,100088268287084
548,100046595829231
549,100091274314680
550,100088971900241
551,100089356904152
552,100089945078627
553,100091500845653
554,100089765540802
555,100088202351988
556,100091593090257
557,100091391381089
558,100081185205942
559,100054491840148
560,100010475972134
561,100091306686387
562,100091385109406
563,100091313143393
564,100052988102894
565,100055198600698
566,100090980065581
567,100089557193353
568,100088234088289
569,100090100497351
570,100090461857529
571,100023887757016
572,100009213331369
573,100015569736246
574,100087621993504
575,100089540420373
576,100091124145782
577,100088164850763
578,100089683159059
579,100002663253526
580,100079400210936
581,100090443911624
582,100001515956045
583,100055680555000
584,100021836050426
585,100091322294436
586,100014178195320
587,100049397582150
588,100091440757975
589,100057617132358
590,100090845483406
591,100013940557090
592,100090061707165
593,100063614407043
594,100007260075741
595,100033871982349
596,100000131640801
597,100000454167800
598,100090718524959
599,100091340617280
600,100090608258873
601,100089780996291
602,100009289874918
603,100086516397030
604,100085882114122
605,100063761484271
606,100091035274865
607,100087570221902
608,100085643802925
609,100063555596800
610,100071320112478
611,100091274954939
612,100091366838842
613,100003842384127
614,100088512783951
615,100090490734963
616,100049870280369
617,100089666001165
618,100087782521699
619,100085682471358
620,100090903125849
621,100091094300065
622,100072668528024
623,100086766710658
624,100050862229279
625,100090683651693
626,100009745147625
627,100082853316799
628,100088952228871
629,100081936230958
630,100081739951908
631,100090201834018
632,100030777852256
633,100012516480227
634,100090205857091
635,100091284975425
636,770654563
637,100074757437470
638,100090314028155
639,100073230199478
640,100088727166260
641,100089453831544
642,100083102072212
643,100087518976629
644,100087621159767
645,100091164522886
646,100076344027395
647,100076156311554
648,100052583147386
649,100086182675930
650,100012003018760
651,100086114597105
652,100083158017153
653,100088050587293
654,100089848448255
655,100089666572037
656,100083286679981
657,100091281345468
658,100008153166458
659,100084639166192
660,100082648035718
661,100091443245391
662,100078999236459
663,100071150406858
664,100091284284331
665,100091053891487
666,100091389817193
667,100003347118016
668,100089300235377
669,100006080863468
670,100071437771723
671,100083493327513
672,100090320045495
673,100081993172401
674,100091127777426
675,100046466026534
676,662208400
677,100089486019708
678,100083031437679
679,100091267778146
680,100091199387723
681,100070422546314
682,100077359217992
683,100085296951138
684,100030333703287
685,100090682727504
686,100029902869260
687,100090071676623
688,100086199433746
689,100088591263384
690,100091263675792
691,100091079240075
692,100089719343478
693,100065293878416
694,100078731210455
695,100075047041773
696,100023723454032
697,100090653777193
698,100006509931695
699,100090279727854
700,100070777454984
701,100090368037239
702,100021548174529
703,100063877331692
704,100082289800158
705,100089677462156
706,100091344820732
707,100088345583803
708,100063337831934
709,100088156155113
710,100071197192101
711,100089563701020
712,100027874523092
713,100091378269466
714,100064112656226
715,100088935852515
716,100004482572774
717,100089552359133
718,100063959290920
719,100090041245066
720,100083163823305
721,100090193016484
722,100086900350665
723,100086799169985
724,100008144689051
725,100002308455737
726,100088112480831
727,100038860570703
728,100091525321841
729,100090052884249
730,100091454075289
731,100091341151009
732,100091378569446
733,100090618348818
734,100090326356704
735,100029042300089
736,100067443000896
737,100083595580126
738,100069908230891
739,100020667330147
740,100045408780619
741,100047753770535
742,100091304258728
743,100086718822654
744,100001749024022
745,100075317522557
746,100048889394187
747,100087020380407
748,100080639421602
749,100089541140215
750,100090489728828
751,100090676315775
752,100087950558502
753,100043422050603
754,100035561033810
755,100086248750729
756,100091134527266
757,100087754733033
758,100091483623243
759,100050892561696
760,100091488362937
761,100079144723280
762,100021342710921
763,100091058059055
764,100086203335125
765,100091157536511
766,100084159920141
767,100091426535801
768,100051245624909
769,100090240893945
770,100089881492989
771,100023699044554
772,100091328701023
773,100090577580897
774,100090293062541
775,100089061872573
776,100036747431541
777,100078033561792
778,100088066350531
779,100077333570947
780,100091530120028
781,100090745153590
782,100089154888770
783,100083705136647
784,100009813729613
785,100090903583109
786,100088821168805
787,100088811569170
788,100030776058200
789,100082915401555
790,100001204580173
791,100090868603953
792,100086914265394
793,100066578214898
794,100089881925832
795,100089298641601
796,100053939581885
797,100090939798506
798,100090473337720
799,100091387956610
800,100060190736337
801,100088835106575
802,100088675967918
803,100055422686048
804,100091298831294
805,100086743146473
806,100091339869054
807,100091459442882
808,100053476665690
809,100074908689867
810,100090365756934
811,100089775107464
812,100090197724353
813,100089690809933
814,100002179443916
815,100090034599542
816,100091328109710
817,100081085533393
818,100090484345990
819,100086181295675
820,100091342476656
821,100013979491700
822,100078690730646
823,100079534340689
824,100090213398572
825,100083083122815
826,100084319593870
827,100088211898524
828,100090624287302
829,100044258971664
830,100044219323742
831,100036083020511
832,100081131427093
833,100089002403306
834,100087755897798
835,100085241851883
836,100090722311639
837,100090094881168
838,100090833753326
839,100090494846924
840,100078198821336
841,100091314819870
842,100090061431373
843,100090467637050
844,100091281369476
845,100091393531302
846,100028983091850
847,100054237807261
848,100091170875055
849,100029213050111
850,100089773430014
851,100004055103675
852,100060794000130
853,100083320068121
854,100088692645327
855,100029904422315
856,100024605180675
857,100082011416669
858,100063581377203
859,100091184413779
860,100079866165802
861,100085032480066
862,100045833734143
863,100091352460194
864,100090909487795
865,100042215169486
866,100033884590560
867,100091003389166
868,100015748230272
869,100090310159531
870,100074809699307
871,100083777238186
872,100087753754065
873,100050330715636
874,100054954391684
875,100079095979785
876,100010762207867
877,100073372494345
878,100090232687272
879,100074790278417
880,100091434363194
881,100090595055337
882,100082826094380
883,100088145346903
884,100083179887546
885,100000278059849
886,100089779070331
887,100082553554738
888,100089674488519
889,100087582661410
890,100089594637821
891,100091335518255
892,100090192051526
893,100091001060647
894,100043670897937
895,100001239173424
896,100084830924865
897,100086492598513
898,100087752756880
899,100009171447126
900,100091256681921
901,100090449366117
902,100006562382121
903,1827351324
904,100006849760296
905,100054064848842
906,100091379010914
907,100057367781270
908,100090041481141
909,100091274500777
910,100063618745855
911,100077516142632
912,100017850407330
913,100091286980324
914,100046927975863
915,100090080334648
916,100034413906973
917,100067556546856
918,100088953371971
919,100081087244412
920,100002343223833
921,100091146673847
922,100090193762270
923,100087746525204
924,100091363803141
925,100008267883906
926,100089749021050
927,100064629436458
928,100003398467604
929,100082807693570
930,100025887610594
931,100091249057929
932,100081826328818
933,100018182694431
934,100090649227109
935,100090057333697
936,100088494805632
937,100090772631584
938,100007910704624
939,100077891136393
940,100090958894886
941,100091409762711
942,100090208971848
943,100084966922449
944,100089543895798
945,100090490945406
946,100088455386044
947,100077894091933
948,100064115341889
949,100090050599657
950,100091083614157
951,100089319108630
952,100091307227904
953,100088031388247
954,100079953620185
955,100077285761546
956,100088614968489
957,100091371092791
958,100091223021122
959,100091059373358
960,100086108324218
961,100005442972532
962,100079436217905
963,100091080373707
964,100087344662941
965,100091381352227
966,100040154022623
967,100004435298873
968,100077277234383
969,100090728250391
970,100090883317718
971,100083943166648
972,100090949883315
973,100089763377021
974,100089112078669
975,100088317999410
976,100087976249584
977,100089729425428
978,100083478515245
979,100090476057582
980,100090761089558
981,100053241757622
982,100068879592705
983,100087496839013
984,100090924593752
985,100091121352704
986,100027615973647
987,100083001872319
988,100091315955688
989,100080408916883
990,100051825921483
991,100088956264606
992,100085090542790
993,100091352431978
994,100014537202386
995,100075445943787
996,100022267412638
997,100077925730458
998,100090723145710
999,100089544671077
1000,100069648275184
1001,100090941666940
1002,100088527019414
1003,100065238205045
1004,100089034018334
1005,100014054715236
1006,100081534927595
1007,100089942014199
1008,100083081019123
1009,100048834075704
1010,100073702398088
1011,100088688460145
1012,100087079834741
1013,100075791727125
1014,100082886331822
1015,100081138603250
1016,100091307496547
1017,100080294710109
1018,100090044884863
1019,100023581838811
1020,100007859051030
1021,100090635107314
1022,100091150631035
1023,100091141870945
1024,100089684505670
1025,100069004966361
1026,100090337485885
1027,100068160653582
1028,100090910137005
1029,100090371296213
1030,100090708627576
1031,100090004293247
1032,100090882223393
1033,100091051813210
1034,100026506132490
1035,100029175851716
1036,100080343910569
1037,100091062702858
1038,100073107574533
1039,100076502594013
1040,100091386301041
1041,100052326798451
1042,100090428648797
1043,100091250199271
1044,100090621308136
1045,100084194552456
1046,100056211174021
1047,100087000634395
1048,100090793595470
1049,100090050988084
1050,100031286002969
1051,100043394532867
1052,100091305426067
1053,100067547472782
1054,100090273084590
1055,100089679275595
1056,100031791782711
1057,100089893411700
1058,100078876736567
1059,100089674904649
1060,100032804440949
1061,100023878930775
1062,100038603109380
1063,100091126778426
1064,100058146642193
1065,100087981835724
1066,100048924369266
1067,100090767626416
1068,100055743909730
1069,100064806393456
1070,100090408533812
1071,100008175067000
1072,100018872632791
1073,100088451408925
1074,100090854782263
1075,100074185837343
1076,100089214823202
1077,100089587426511
1078,100040564127475
1079,100090787965247
1080,100085071631508
1081,100090977787435
1082,100020758877699
1083,100085238136638
1084,100083737982909
1085,100090207048993
1086,100037818635306
1087,100085554867972
1088,100091283736241
1089,100091348172869
1090,100090825384612
1091,100006424732287
1092,100091065912181
1093,100089691074353
1094,100089908213593
1095,100090723414395
1096,100091000166051
1097,100063584124003
1098,100090221988794
1099,100091261143133
1100,100076423692204
1101,100020458812279
1102,100017486283301
1103,100090141927329
1104,100005850461380
1105,100090200716622
1106,100029520444017
1107,100088448627819
1108,100089674391307
1109,100090758463393
1110,100089773125317
1111,100022804000296
1112,100039144561505
1113,100014895813332
1114,100089467034668
1115,100069835539456
1116,100090705512561
1117,100074999254884
1118,100088534691544
1119,100089674693157
1120,100087179667611
1121,100090882834048
1122,100089550221726
1123,100091079110614
1124,100089901792988
1125,100091249890684
1126,100088032294649
1127,100079862787315
1128,100089661910874
1129,100091316553409
1130,100010880269170
1131,100091129149443
1132,100088260161228
1133,100091256133685
1134,100075935011813
1135,100091212967415
1136,100008262996883
1137,100089536912806
1138,100090050919321
1139,100006287358464
1140,100091257006604
1141,100091328372957
1142,100010178130033
1143,100067656364884
1144,100007694434149
1145,100019138186909
1146,100090466666314
1147,100007881362005
1148,100004873383217
1149,100088194695256
1150,100089917514763
1151,100003045745025
1152,100052881063870
1153,100090939402935
1154,100089821744462
1155,100089513694100
1156,100088059488030
1157,100090930425694
1158,100088819404956
1159,100073435244270
1160,100090433928212
1161,100026864963402
1162,100090535217471
1163,100049554876317
1164,100074810482382
1165,100091344271495
1166,100064312166805
1167,100039962363027
1168,100086305035382
1169,100009117132751
1170,100008365778142
1171,100089835840704
1172,1422670205
1173,100074821906052
1174,100083166912505
1175,100034069815889
1176,100089538728490
1177,100091337341413
1178,100090693015049
1179,100001866290687
1180,100090621114820
1181,100090949463945
1182,100067854437265
1183,100080292830070
1184,100089726791842
1185,100088115673499
1186,100081353388738
1187,100090092682132
1188,100090926337168
1189,100089694131633
1190,100086466946775
1191,100052922865300
1192,100013007081117
1193,100090894910655
1194,100089534289775
1195,100086330569575
1196,100089951934124
1197,100088708990954
1198,100088526319865
1199,100089776025780
1200,100088724180640
1201,100090954045389
1202,100089768383674
1203,100062925826988
1204,100090312317047
1205,100090626226306
1206,100090238726731
1207,100070095450772
1208,100089416712601
1209,100013859284462
1210,100087827487563
1211,100008138833902
1212,100091115346276
1213,100088986871517
1214,100086062720753
1215,100088486218938
1216,100090220943964
1217,100091275543313
1218,100089912739157
1219,100049816155054
1220,100072525786863
1221,100004636323271
1222,100090017794966
1223,100068647592105
1224,100082882302545
1225,100046401553930
1226,100050426864513
1227,100088123358483
1228,100090833718648
1229,100083455844021
1230,100090651030550
1231,100052374197663
1232,100087756557942
1233,100081918496742
1234,100091288771966
1235,100089922563313
1236,100090580279305
1237,100086035658813
1238,100090703220170
1239,100013151673381
1240,100090747660833
1241,100036970380129
1242,100003618767867
1243,100040984369389
1244,100090997160929
1245,100089534858234
1246,100080323355912
1247,111419770654355
1248,100080642873984
1249,100076306908211
1250,100067156615801
1251,100003567314564
1252,100069990144368
1253,100084816855250
1254,100090236635334
1255,100088571382141
1256,100090736100132
1257,100090936804916
1258,100084877936599
1259,100089744344741
1260,100090109775561
1261,100076387961687
1262,100090897381666
1263,100085208351437
1264,100090861391015
1265,100090196103748
1266,100090968272839
1267,100063893342683
1268,100084443018662
1269,100025163269161
1270,100090237160502
1271,100048203057028
1272,100087126350998
1273,100072011080607
1274,100090218983592
1275,100063530705963
1276,100089683085718
1277,100058723355000
1278,100005498835937
1279,100089735649389
1280,100017698842110
1281,100090808819787
1282,100090009201101
1283,100090627770825
1284,100085509120589
1285,100014450384826
1286,100055390524435
1287,100088390942323
1288,100080333509385
1289,100083306203354
1290,100090957129764
1291,100085398235830
1292,100090015576719
1293,100090041710771
1294,100090915551397
1295,100013318331798
1296,100090329791570
1297,100090737312623
1298,100005698217382
1299,100090471013959
1300,100091124313599
1301,100068720903953
1302,100090816537838
1303,100090719896058
1304,100054166694117
1305,100090840083486
1306,100090991699817
1307,100075791637516
1308,100037888035084
1309,100024243813639
1310,100064860454076
1311,100084345861485
1312,100063068852436
1313,100090195251407
1314,100089959347432
1315,100088311193657
1316,100017225227909
1317,100033132489200
1318,100061883894364
1319,100000689372143
1320,100005711973894
1321,100028185593626
1322,100069944734958
1323,100070463176991
1324,100084275501847
1325,100090140825883
1326,100089077064646
1327,100090855863790
1328,100087904065420
1329,100079490629173
1330,100008317382536
1331,100090283179960
1332,100042344963787
1333,100089691306015
1334,100069562626460
1335,100076268168027
1336,100090940700940
1337,100090749635551
1338,100011165718597
1339,100089790965851
1340,100089006757293
1341,100077568698137
1342,1543754440
1343,100026825284219
1344,100063950303502
1345,100090674694612
1346,100009857387367
1347,100002144843544
1348,100009837691166
1349,100074339223476
1350,100090100689155
1351,100068819884158
1352,100073446427560
1353,100022993149619
1354,100086426011143
1355,100082279574945
1356,100064710663930
1357,100066646641580
1358,100089892812675
1359,100090281400779
1360,100089831877158
1361,100088710223259
1362,100027679442805
1363,100008297618448
1364,100080203770588
1365,100088808686159
1366,100078868014390
1367,100015685482013
1368,100082500401379
1369,100052462382165
1370,100089353784830
1371,100077717613962
1372,100090847396318
1373,100010576810600
1374,100082512185850
1375,100090746155438
1376,100001527709412
1377,100090996976593
1378,100090901311064
1379,100063832908621
1380,100090402317983
1381,100090890151400
1382,100083301576757
1383,100090438709998
1384,100089719354747
1385,100047446653848
1386,100090906764779
1387,100047245970342
1388,100088293472229
1389,100069390012702
1390,100090362157380
1391,1464525189
1392,100090693593784
1393,100087668186997
1394,100090869078124
1395,100038233335892
1396,100088050206490
1397,100011338514482
1398,100090027699333
1399,100086205076088
1400,100069070574425
1401,100079146594566
1402,100090771655960
1403,100090865291458
1404,100083571725413
1405,100089060304002
1406,100090716923415
1407,100089481085603
1408,100081645874362
1409,100066375876796
1410,100089798989602
1411,100090556751955
1412,100087731377554
1413,100086634456381
1414,100036811792538
1415,100090183516177
1416,100084308310955
1417,100011944578929
1418,100025576690007
1419,100090079443366
1420,100090690074541
1421,100090187986558
1422,100017235767164
1423,100052342786997
1424,100000278985715
1425,100003071243437
1426,100090564768236
1427,709500127
1428,100090696715215
1429,100084423755055
1430,100090879498322
1431,100084074401170
1432,100089233114336
1433,100022217505453
1434,100022234162910
1435,1599165161
1436,100090858620241
1437,100067983086140
1438,100090716770677
1439,100090168198038
1440,100090496569694
1441,100022918521795
1442,100077508195473
1443,100000187568008
1444,100090269901025
1445,100079050225749
1446,100090244851607
1447,100090550389415
1448,100090746403922
1449,100021638628108
1450,100034841122301
1451,100090569693861
1452,100088422173737
1453,100090854325831
1454,100082141993779
1455,100089731021538
1456,100080271891770
1457,100089418164854
1458,100090838603626
1459,100035939914032
1460,100085804543150
1461,100090879078143
1462,100083682965274
1463,100089740280946
1464,100055895542910
1465,1387367567
1466,100078714123184
1467,100086078065722
1468,100040324306863
1469,100062170478847
1470,100090112882328
1471,100087494799361
1472,100089106945994
1473,100090083919951
1474,100055003083752
1475,100089873641218
1476,100087445403530
1477,100090853667274
1478,100003665370808
1479,100089923055471
1480,100090964003760
1481,100070463086458
1482,100089286330583
1483,100090912104797
1484,100089626811451
1485,100008089118166
1486,100029116840087
1487,100047613976349
1488,100090611946817
1489,100090674472832
1490,100011678716200
1491,100064669153005
1492,100090618860276
1493,100090408043270
1494,100090682614090
1495,100089546786895
1496,100090275743679
1497,100078699524409
1498,100085812986706
1499,100046772529330
1500,100089882671017
1501,100008302336890
1502,100022912597909
1503,100064332481524
1504,100088400475134
1505,100077261708036
1506,100011144344573
1507,100089227321974
1508,100007278376820
1509,100026597659652
1510,100090671406117
1511,100086670003260
1512,100090848280461
1513,100079955097228
1514,100090544519626
1515,100084841887586
1516,100074030769269
1517,100090304085910
1518,100090730353711
1519,100090304932524
1520,100085898083323
1521,100090975101268
1522,100090859148989
1523,100088997373944
1524,100090606237994
1525,100041769726577
1526,100090857505720
1527,100087681614657
1528,100085130281497
1529,100002930876758
1530,100090936102731
1531,100071935398743
1532,100079280406802
1533,100047557340317
1534,100085290065783
1535,100087248007524
1536,100090854916483
1537,100086458672323
1538,100086113041340
1539,100090896230928
1540,100046596817268
1541,100007069116643
1542,100080503873952
1543,100086131113761
1544,100088950034986
1545,100090815774626
1546,100086765983526
1547,100089065921760
1548,100090295671264
1549,100090651924693
1550,100055607102330
1551,100090426062611
1552,100048070650753
1553,100089283875523
1554,100030005956516
1555,100087605648421
1556,100090562062689
1557,100080300292019
1558,100000726043418
1559,100065712816103
1560,100016605782481
1561,100081494751792
1562,100090931688763
1563,100052965820518
1564,100090010505792
1565,100089670660175
1566,100090950170801
1567,100086430932957
1568,100090393295140
1569,100087380067767
1570,100089335063757
1571,100090896682769
1572,100090725629665
1573,100086438415992
1574,100081739644971
1575,100089280267921
1576,100089002089744
1577,100089317959064
1578,100089233766702
1579,100087379464346
1580,100083661348311
1581,100084858673202
1582,100090420923843
1583,100021316610358
1584,100077956212148
1585,100058740098081
1586,100090926674700
1587,100028773884336
1588,100013455274289
1589,100090067428763
1590,100088994282993
1591,100082332266198
1592,100014435562711
1593,100051343248546
1594,100072465708895
1595,100090746447053
1596,100076380031241
1597,100090865153321
1598,100090964321283
1599,100080289876781
1600,100035467069879
1601,100085827156886
1602,100028743801741
1603,100048736089237
1604,100090733758673
1605,100090791280443
1606,100071942622173
1607,100088479128010
1608,100089196563469
1609,100002431081569
1610,100090753675366
1611,100075868353929
1612,100090718322495
1613,100089856142512
1614,100089689518245
1615,100011796336442
1616,100090746208400
1617,100090760662095
1618,100063665156086
1619,100086288804084
1620,100029205769484
1621,100084509245344
1622,100090779324662
1623,100087930836871
1624,100090938199249
1625,100079308817670
1626,100080211002621
1627,100083630724498
1628,100066986975428
1629,100016000320262
1630,100088598598956
1631,100089712260697
1632,100060277663081
1633,100082698120617
1634,100090816704264
1635,100079940517231
1636,100089541780036
1637,100029321047432
1638,100074312310820
1639,100090187024614
1640,100088413780756
1641,100086983838202
1642,100025836142114
1643,100088522555041
1644,100090467760657
1645,100090517083379
1646,100090617692550
1647,100079338827596
1648,100089847121798
1649,100087878026877
1650,100083154762889
1651,100009402225832
1652,100088430870166
1653,100090791291601
1654,100078719873395
1655,100090234691569
1656,100050161698652
1657,100090088956147
1658,100082249173182
1659,100090941703599
1660,100007399126594
1661,100088851726227
1662,100089886816078
1663,100090520922087
1664,100090156444293
1665,100005254141235
1666,100013020780922
1667,100020102695753
1668,100085368385457
1669,100087151153370
1670,100012060165344
1671,100090930126566
1672,100090883474334
1673,100037947832340
1674,100090030082533
1675,100008554249322
1676,100088236940137
1677,100087939200025
1678,100064032003645
1679,100090922084729
1680,100052025837542
1681,100090724841967
1682,100090809496525
1683,100084251179592
1684,100012443538330
1685,100090732300646
1686,100012317462206
1687,100089833177263
1688,100012649809197
1689,100065163968851
1690,100090808123139
1691,100090820779654
1692,100063104689715
1693,100090000971232
1694,100090883028900
1695,100090783464029
1696,100090723122203
1697,100076232603681
1698,100088077196021
1699,100073729926438
1700,100023911293536
1701,100045802040372
1702,100090548529966
1703,100046293616598
1704,100052924906294
1705,100063880940936
1706,100089712814908
1707,100062312653958
1708,100090774494384
1709,100028101756331
1710,100067898464614
1711,100090456864654
1712,100090853747955
1713,100090459946217
1714,100090411481526
1715,100089935037188
1716,100089424730064
1717,100027333365888
1718,100090653658919
1719,100090541365173
1720,100087853583638
1721,100090724471934
1722,100087922747717
1723,100090153483363
1724,100001771899429
1725,100085163804612
1726,100082512018619
1727,100062862590215
1728,100075851151178
1729,100041204393724
1730,100034698277099
1731,100068012839255
1732,100050140484101
1733,100084524212969
1734,100003496708938
1735,100090512994169
1736,100060177404566
1737,100090221193617
1738,100090691876572
1739,100085517037637
1740,100077451410219
1741,100090363227523
1742,100090253353088
1743,100074589806942
1744,100090577941862
1745,100089727196396
1746,100090966694157
1747,100090874028167
1748,100089918603942
1749,100090701316651
1750,100090214826007
1751,100090859531144
1752,100031403266218
1753,100090510113846
1754,100090628907044
1755,100090859621015
1756,100085371357038
1757,100090482484692
1758,100070150183963
1759,100022757173538
1760,100086525652656
1761,100090924812355
1762,100090828938603
1763,100068844032323
1764,100089880378364
1765,100086602365306
1766,100079655451411
1767,100090756550536
1768,100067022763516
1769,100039703622953
1770,100022372547162
1771,100077486145961
1772,100045222734506
1773,100052045448777
1774,100090364946779
1775,100087274845959
1776,100090464063156
1777,100078845694757
1778,100078500287424
1779,100002624015319
1780,100089785114213
1781,100011619468148
1782,100069157120329
1783,100086983687542
1784,100063179199234
1785,100026591212505
1786,100080338714682
1787,100088832147101
1788,100045599514270
1789,100089944826361
1790,100090520822175
1791,100086107282546
1792,100086348416386
1793,100034434581486
1794,100030563833877
1795,100085677145338
1796,100087582499651
1797,100089931654753
1798,100090465520542
1799,100052385001012
1800,100089833415916
1801,100090250601552
1802,100090721023189
1803,100081154772101
1804,100028232942024
1805,100090150025338
1806,100066107356868
1807,100069652120394
1808,100090700830926
1809,100083853624182
1810,100090640093923
1811,100023639510012
1812,100009396899438
1813,100090218269462
1814,100090600211419
1815,100090746732108
1816,100050939916258
1817,100090779290055
1818,100090837421169
1819,100080433486249
1820,100090544902264
1821,100090147772026
1822,100021182133385
1823,100035381104571
1824,100042478891963
1825,100040958623270
1826,100054751363899
1827,100066505222323
1828,100088434575679
1829,100089204262991
1830,100083192859011
1831,100090537170003
1832,100001961420695
1833,100026434538689
1834,100089647955358
1835,100010253046983
1836,100087907494008
1837,100086902905706
1838,100090523757017
1839,100042179802160
1840,100090772508863
1841,100048347781489
1842,100079310785496
1843,100012964381810
1844,100083978810634
1845,100012646777651
1846,100087456877834
1847,100087970524089
1848,100005588807333
1849,100071372807844
1850,100079707523151
1851,100083422976842
1852,100062788192332
1853,100084382693153
1854,100085888873276
1855,100090741932608
1856,100086541235749
1857,100064795272544
1858,100039539164135
1859,100089571863285
1860,100084068430748
1861,100089592175171
1862,100076076552133
1863,100090630960309
1864,100090679601596
1865,100088983274028
1866,100070782174385
1867,100090792001673
1868,100087975987500
1869,100029064799224
1870,100085000459727
1871,100079522073145
1872,100090289017582
1873,100087877497343
1874,100036522106238
1875,100086456107850
1876,100088565989524
1877,100082998517365
1878,100089969184922
1879,100089271066811
1880,100087666766108
1881,100042488632604
1882,100088713219360
1883,100089584131323
1884,100088477430702
1885,100090763418765
1886,100090417796312
1887,100057192903705
1888,100013906593859
1889,100004325554829
1890,100081851037467
1891,100087552939484
1892,100088576273106
1893,100090516970413
1894,100080149519648
1895,100007442836309
1896,100089987482194
1897,100013358045272
1898,100090562785975
1899,100050052558497
1900,100079620406238
1901,100013900428396
1902,100049774128150
1903,100081071840850
1904,100062800686171
1905,100090786150876
1906,100090691295418
1907,100090687281306
1908,100053185279516
1909,100090877952181
1910,100073791651841
1911,100002049893039
1912,100090568966453
1913,100083711928116
1914,100090786486990
1915,100090055857067
1916,100013189811652
1917,100028232140636
1918,100090394582910
1919,100086904002452
1920,100089044614299
1921,100090312707900
1922,100045402252148
1923,100063713166224
1924,100063884103352
1925,100042151725758
1926,100078863875735
1927,100090835173861
1928,100084613530312
1929,100087872395204
1930,100090611924084
1931,100088751242066
1932,100090415657558
1933,100042966940619
1934,100085602526778
1935,100090477828658
1936,100086999347215
1937,100090412851813
1938,100083253784819
1939,100088285524028
1940,100073093735917
1941,100075207244175
1942,100090458328506
1943,100090464958045
1944,100003156100857
1945,100090798365171
1946,100077006135471
1947,100065472250801
1948,100090360015002
1949,100090773373538
1950,100090393921385
1951,100088291707678
1952,100064598404903
1953,100071799365350
1954,100090272298649
1955,100090244801855
1956,100054369885053
1957,100067498480642
1958,100081143117317
1959,100090573254370
1960,100059561257504
1961,100090595264793
1962,100088493720850
1963,100090755311761
1964,100087730873683
1965,100050584027766
1966,100071483306116
1967,100090641171249
1968,100077703513467
1969,100088012594241
1970,100068795787000
1971,100087734976191
1972,100088729989975
1973,100090453558394
1974,100004895476351
1975,100070241890787
1976,100090108336402
1977,100089162234716
1978,100058679963921
1979,100059845952430
1980,100090561494327
1981,100000869413248
1982,100088673152973
1983,100089489491230
1984,100090249056494
1985,100027151986479
1986,100090673598985
1987,100076133779743
1988,100015752297490
1989,100089593031847
1990,100076160072546
1991,100090420679420
1992,100089353625505
1993,100090545252093
1994,100083394494161
1995,100084203019988
1996,100083105652670
1997,100022568621440
1998,100090046234625
1999,100076666133646
2000,100090573193188
2001,100089460463128
2002,100088961214942
2003,100086062521112
2004,100090610241743
2005,100087504384653
2006,100065264183911
2007,100087338450621
2008,100068583139981
2009,100090802562688
2010,100011768714386
2011,100057212924399
2012,100090601030276
2013,100079796076138
2014,100090664867116
2015,100077349471077
2016,100088817235546
2017,100084733502901
2018,100006012251697
2019,1637973886
2020,100090594068771
2021,100090620950128
2022,100090217521557
2023,100085893545616
2024,100078700637203
2025,100089886866906
2026,100075864687938
2027,100072491636493
2028,100006788616687
2029,100077676504029
2030,100089210597565
2031,100055058161696
2032,100089195571287
2033,100090373010773
2034,100090780543259
2035,100046983170259
2036,100006984547964
2037,100012315795082
2038,100090505394833
2039,100090710492895
2040,100063585203738
2041,100011945326467
2042,100040701722535
2043,100090339811493
2044,100089238094378
2045,100081346148364
2046,100012679925449
2047,100013365123649
2048,100090561484947
2049,100055353115867
2050,100090236242707
2051,100059358682676
2052,100007000776926
2053,100088131047451
2054,100054094675052
2055,100090222835095
2056,100090779282652
2057,100079482136296
2058,100087456530946
2059,100032756681320
2060,100083415465840
2061,100055081938889
2062,100090028905584
2063,100089975268866
2064,100027894730086
2065,100054614208886
2066,100090394572933
2067,100089018525989
2068,100090750510127
2069,100090551561967
2070,100087928616548
2071,100090752913324
2072,100084002175730
2073,100076314731363
2074,100019506583700
2075,100090336889214
2076,100021788910046
2077,100071187050970
2078,100070304535834
2079,100034002054113
2080,100085768883693
2081,100088347337511
2082,100079253982211
2083,100090266685631
2084,100006700097558
2085,100088711356295
2086,100065096228518
2087,100088273547519
2088,100054117554672
2089,100090287284246
2090,100088461853361
2091,100090688055038
2092,100058802124586
2093,100077538455248
2094,100090412814896
2095,100090267674061
2096,100086657322080
2097,100014479877901
2098,100084336117446
2099,100088592697565
2100,100066661277631
2101,100090505990804
2102,100029700998821
2103,100084267354438
2104,100029662072985
2105,100078911213078
2106,100069089682288
2107,100077384385452
2108,100090656795831
2109,100056909059531
2110,100090213563685
2111,100037449301080
2112,100076533293398
2113,100078074431636
2114,100088889045675
2115,100090203334048
2116,100089267411449
2117,100053768020436
2118,100087126434289
2119,100083664152647
2120,100090744812227
2121,100064487793406
2122,100086263645524
2123,100071850171874
2124,100004135548848
2125,100087306804251
2126,100062651194930
2127,100088973284758
2128,100027724789036
2129,100086551264813
2130,100004342059221
2131,100090393884410
2132,100085010360209
2133,100073339249157
2134,100083769443226
2135,100088679544777
2136,100088525122026
2137,100085753742210
2138,100087491371772
2139,100077199077667
2140,100090116233506
2141,100089034673336
2142,100090531520519
2143,100089762097070
2144,100083520097485
2145,100053071382392
2146,100056583593659
2147,100015010694567
2148,100089770792215
2149,100087069676209
2150,100090385776149
2151,100088819116536
2152,100078806019442
2153,100081079701596
2154,100002472194491
2155,100008136708335
2156,100063713504010
2157,100090409631185
2158,100003275589849
2159,100080674787851
2160,100089074284381
2161,100089032351198
2162,100090086964363
2163,100090230211170
2164,100002630360050
2165,100007453608529
2166,100090390611600
2167,100090296836317
2168,100090131814748
2169,100089277759441
2170,100071437669150
2171,100090138498140
2172,100080690265857
2173,100090640084796
2174,100090031225020
2175,100065772574529
2176,100015333097530
2177,100086870385279
2178,100085176081665
2179,100090431712985
2180,100090290147410
2181,100071019531457
2182,100083044876621
2183,100083086933036
2184,100071421759793
2185,100058353604211
2186,100089956557563
2187,100002668036833
2188,100090459311402
2189,100090295440331
2190,100067493169400
2191,100059657662784
2192,100064174774307
2193,100046690453532
2194,100085745329670
2195,100090402190805
2196,100071132379501
2197,100090381494921
2198,100079715696322
2199,100090309335663
2200,100046845009767
2201,100089236344385
2202,100088585685806
2203,100027441852063
2204,100090076256052
2205,100061557960464
2206,100085914723168
2207,100088032061296
2208,100090642182353
2209,100008141264598
2210,100088847351591
2211,100075068654670
2212,100085686766861
2213,100085082354034
2214,100089598828469
2215,100041794517712
2216,100090570905995
2217,100082502179964
2218,100009679890531
2219,100052884993587
2220,1406773934
2221,100023685198133
2222,100089311803042
2223,100084713586853
2224,100090638703202
2225,100087233115123
2226,100087773389638
2227,100088259315855
2228,100072187891300
2229,100005269065865
2230,112116840259255
2231,100090648692568
2232,100034387453642
2233,100003065328673
2234,100090301935991
2235,100088582693222
2236,100090155821657
2237,100090045385738
2238,100071582790665
2239,1159594029
2240,100090081234814
2241,100090223396642
2242,1306648146
2243,100059705941256
2244,100040890756847
2245,100090373298460
2246,100090104362312
2247,100085941176347
2248,100012589845341
2249,100087902337913
2250,100073069929830
2251,100081844189074
2252,100090106726522
2253,100023574919263
2254,100053832996996
2255,100090294225748
2256,100090486818462
2257,100084933266909
2258,100015493063247
2259,100054519518522
2260,100090171320104
2261,100018740234465
2262,100008319006897
2263,100089711620528
2264,100089822220868
2265,100026216164999
2266,100089634371613
2267,100077173992688
2268,100089928070746
2269,100088417252220
2270,100078396187209
2271,100084780204820
2272,100089315834588
2273,100084154803050
2274,100090449678801
2275,100088244472971
2276,100072219074356
2277,100090358384751
2278,100079038357345
2279,100089647869382
2280,100088182162427
2281,100066295924675
2282,100004044390384
2283,100080882987123
2284,100089901075222
2285,100089911448878
2286,100009828486888
2287,100080431356722
2288,100001867195294
2289,100070241395258
2290,100090521015549
2291,100016512481175
2292,100088547197415
2293,100090026481482
2294,100069569050050
2295,100080278718059
2296,100063741107943
2297,100080460826843
2298,100089231767896
2299,100089499204174
2300,100089747149945
2301,1553023317
2302,100050756241822
2303,100090144919758
2304,100089986374179
2305,100087682989715
2306,100089191047492
2307,100090519483092
2308,100050590128543
2309,1237160061
2310,100090085821520
2311,100040607415861
2312,100083118560617
2313,100070160401265
2314,100045746813972
2315,100090130410903
2316,100088876002680
2317,100075410796004
2318,100032488560908
2319,100004916508967
2320,100089863460569
2321,100057473318552
2322,100090157818011
2323,100088410475575
2324,100035312716750
2325,100089518634174
2326,100083299541274
2327,100089959346272
2328,100086749661708
2329,100046644590702
2330,100090430894942
2331,100073621136320
2332,100088246590401
2333,100088734906922
2334,100090388629997
2335,100090119298792
2336,100089124414848
2337,100087164709423
2338,100026733551767
2339,100087420406666
2340,100088718918182
2341,100089493393772
2342,100076473061887
2343,100011013701052
2344,100082562115307
2345,100082510047309
2346,100064891922675
2347,100084889823159
2348,100088850953393
2349,100000899506564
2350,100089996714342
2351,100090405090296
2352,100056010611376
2353,100089856944795
2354,100089980615242
2355,100005512548724
2356,100089041039345
2357,100089972816068
2358,100090555962032
2359,100026767599086
2360,100055101939301
2361,100025964055880
2362,100088671459496
2363,100013511232719
2364,100088824157839
2365,100090378000537
2366,100079470044190
2367,100089071158093
2368,100087398822470
2369,100090441876927
2370,100090244754797
2371,1127516305
2372,100088892474270
2373,100086152405152
2374,100090446855381
2375,100048690606910
2376,100020239316088
2377,100059409432982
2378,100088273635884
2379,100011273613717
2380,100080356136587
2381,100089266132984
2382,100089933906724
2383,100090328085284
2384,100090426755431
2385,100006260359338
2386,100066756125274
2387,100015558213091
2388,100090539970931
2389,100089721866471
2390,100089003328290
2391,100053196587548
2392,100090005295194
2393,100089824368452
2394,100088258001026
2395,100089892382619
2396,100035245964085
2397,100080461396390
2398,100088166050908
2399,100090139890338
2400,100069668347507
2401,100075336891325
2402,100089360531830
2403,1558254198
2404,100089902843460
2405,100089947011338
2406,100089164035456
2407,100001921847198
2408,100089219547812
2409,100023341238678
2410,100086072889499
2411,100086598396435
2412,100063625705810
2413,100018745113405
2414,100021903463888
2415,100069050742432
2416,100080745326285
2417,100089780910064
2418,100090395315263
2419,100064692292521
2420,100005144209244
2421,100088466379207
2422,100090066230536
2423,100090043671299
2424,100073350559821
2425,100080114600956
2426,100068582304563
2427,100069899203179
2428,100090073443857
2429,100082485135203
2430,100031818992776
2431,100090176264854
2432,100088425645194
2433,100024455990112
2434,100087676217568
2435,100080935106709
2436,100089998458149
2437,100089962062344
2438,100090135362496
2439,100064126953102
2440,100047937877031
2441,100003991369393
2442,100089809765280
2443,100054412271050
2444,100083346639891
2445,100089940283767
2446,100081987312006
2447,100089901683401
2448,100085267242010
2449,100037893510720
2450,100068197160435
2451,100087662529264
2452,100090269501796
2453,100057508104775
2454,100089767656393
2455,100080263333820
2456,100089138097872
2457,100086040254496
2458,100090253115915
2459,100090114797568
2460,100088242414800
2461,100074362238771
2462,100012618662897
2463,100076587708490
2464,100090081019057
2465,100089956967012
2466,100090011959500
2467,100090346028757
2468,100090548160756
2469,100089975314463
2470,100058108633479
2471,100058873388195
2472,100074580975873
2473,100088509365014
2474,100077758969182
2475,100089714748613
2476,100055133775929
2477,100082299333067
2478,100074232891461
2479,100090405065253
2480,100090392496927
2481,100011480543327
2482,100090292322163
2483,100007327983153
2484,100088038188628
2485,100066565669585
2486,100066340284502
2487,100007761221063
2488,100063992864388
2489,100021702290933
2490,100078627401885
2491,100090099797572
2492,100003292141809
2493,100086011703869
2494,100043548852776
2495,100090467402701
2496,100087092385383
2497,100085242842678
2498,100089700336672
2499,100047825718391
2500,100089943503737
2501,695880752
2502,100075887568926
2503,100075341059608
2504,100086744672192
2505,100080500271978
2506,100006705996000
2507,100090404041681
2508,100087171016478
2509,100088174762380
2510,100089205819451
2511,100014392696919
2512,100088749432328
2513,100089116038656
2514,100090254283721
2515,100089864046582
2516,100064048593030
2517,100089591324934
2518,100088729737089
2519,100059237040082
2520,100042002149184
2521,100011527533880
2522,100088339063746
2523,100090144150196
2524,100017452751657
2525,100090452581214
2526,100013726480709
2527,100012225726763
2528,100082225411883
2529,100087145112040
2530,100086127175392
2531,100089928189263
2532,100027474434368
2533,100065382326919
2534,100028606964702
2535,100088407730982
2536,100090412562362
2537,100038231586547
2538,100087921814422
2539,100081277695170
2540,100040844260016
2541,100089478405433
2542,100089845081101
2543,100067999362210
2544,100087603606757
2545,100075862536778
2546,100090399120405
2547,100088170139754
2548,100087931266244
2549,100029977424139
2550,100089440968557
2551,100088215477825
2552,100010068727457
2553,591340727
2554,100089580619039
2555,100008041175476
2556,100089948565451
2557,100065313310115
2558,100090463530556
2559,100089525333562
2560,100089178707511
2561,100085236473807
2562,100047327461232
2563,100069244755751
2564,100089622966337
2565,100090146071676
2566,100089042316149
2567,100088982925354
2568,100056147493125
2569,100000668471377
2570,100027678834378
2571,100090305556039
2572,100090289926877
2573,100000096345991
2574,100089234326769
2575,100022918685246
2576,100089057746964
2577,100082100448398
2578,100089718477605
2579,100077655438173
2580,100088476446629
2581,100016555455945
2582,100009907309198
2583,100078753724998
2584,100090230494112
2585,100080739833125
2586,100088312004381
2587,100089324303666
2588,100090061035561
2589,100070646160166
2590,100090441360457
2591,100089796803991
2592,100054201276349
2593,100087171957704
2594,100088415739612
2595,100076765659829
2596,100012360601942
2597,100088464916705
2598,100089880577875
2599,100084751657399
2600,100090147431275
2601,100050774752312
2602,100089078122776
2603,100088901304762
2604,100090107202972
2605,100088920135786
2606,100085092033486
2607,100085998464436
2608,100089800688686
2609,100028459121158
2610,100089780697023
2611,100090319894380
2612,100090023985881
2613,100067602113351
2614,100078576641530
2615,100087783747685
2616,100088310864116
2617,100055333375011
2618,100026917658658
2619,100088891170938
2620,100089941483820
2621,100090172260656
2622,100089965688961
2623,100000393204661
2624,100090003602263
2625,100089134342820
2626,100083960806594
2627,100007998278327
2628,100089632449949
2629,100090211086805
2630,100064287542292
2631,100088667134546
2632,100090104862268
2633,100090133420885
2634,100077444236444
2635,100087245806409
2636,100085780369936
2637,100089551368493
2638,100002296764515
2639,100076773813331
2640,100090005377872
2641,100089850140908
2642,100088717277611
2643,100031215072189
2644,100090096821579
2645,100000359413458
2646,100042634538273
2647,100000895473316
2648,100087199325813
2649,100088580655221
2650,100052578375359
2651,100090232890904
2652,100089951657071
2653,100082191914237
2654,100088533854839
2655,1209087540
2656,100050264508890
2657,100090295413752
2658,100087923931821
2659,100088293410223
2660,100089819433291
2661,100090144219286
2662,100076535472898
2663,100065473997072
2664,100087895523227
2665,100000288721399
2666,100013960818179
2667,100088348322818
2668,100079224009521
2669,100090294603487
2670,100089857874087
2671,100090018734699
2672,100067324842813
2673,100088140507820
2674,100088978480454
2675,100084108860590
2676,100038823832329
2677,100089979286387
2678,100027913841121
2679,100090214323671
2680,100088734970232
2681,100005402358243
2682,100090121120034
2683,100090221344528
2684,100090245885165
2685,100089472192096
2686,100086524346219
2687,100088910292962
2688,100016043232424
2689,100083113808820
2690,100090299252535
2691,100089470763063
2692,100018573132044
2693,100082809082133
2694,100089222004245
2695,100090117699543
2696,100089939144863
2697,100087194493710
2698,100089200034177
2699,100090227315297
2700,100085346406574
2701,100005450101903
2702,100089714198191
2703,100090008161434
2704,100087201506508
2705,100089966979688
2706,100013236946061
2707,100088813996934
2708,100087012672804
2709,100090008764140
2710,100036295026759
2711,100089802674434
2712,100009600831119
2713,100089551387509
2714,100045046839067
2715,100043024150240
2716,100009644860564
2717,100090074464724
2718,100055243720998
2719,100089752465016
2720,100090256922126
2721,100089787982434
2722,100021196350180
2723,100000769582736
2724,100045736613223
2725,100008653901359
2726,100035678440936
2727,100089737510440
2728,100089891866455
2729,100090157415307
2730,100069178969131
2731,100077349143553
2732,100068581760602
2733,100081816270589
2734,100087021788891
2735,100089968544583
2736,100089307048004
2737,100005302127731
2738,100079039304817
2739,100083867264334
2740,100075834467106
2741,100089059818779
2742,100086136586324
2743,100089208752414
2744,100079192506456
2745,100045425534654
2746,100089829800476
2747,100088523566669
2748,100089852538988
2749,100082728787244
2750,100001159538699
2751,100088344784675
2752,100067849086617
2753,100031328984361
2754,100051883020324
2755,100088499520998
2756,100031386740403
2757,100071136582418
2758,100089825059004
2759,100089372208063
2760,100087209672513
2761,100063785358602
2762,100090029650143
2763,100088494984032
2764,100087840955192
2765,100089339307300
2766,100089791127932
2767,100089263847640
2768,100080511253318
2769,100088479326431
2770,100089133632172
2771,100076131071945
2772,100001486384054
2773,100090120995983
2774,100088441254055
2775,100089991371101
2776,100030039303475
2777,100089238347502
2778,100025105626828
2779,100089593044027
2780,100085962011238
2781,100080501843749
2782,100079993231133
2783,100089759050729
2784,100089762361268
2785,100089461183604
2786,100082725753145
2787,100063533726358
2788,100082630911659
2789,100089788460194
2790,100088454367239
2791,100089297882935
2792,100044998560670
2793,100021856190136
2794,100057075004476
2795,100011038771608
2796,100053301976820
2797,100001585365252
2798,100002221382640
2799,100090074827050
2800,100082080993213
2801,100087455171811
2802,100004105934674
2803,100089656611624
2804,100090012999613
2805,100071707042954
2806,100089847826848
2807,100023792209655
2808,100038704879449
2809,100026892016589
2810,100076536284076
2811,100089739798908
2812,100089710582326
2813,100089645207690
2814,100052395549186
2815,100000262588807
2816,100066622280270
2817,100003364783449
2818,100083913660918
2819,100089876834138
2820,100057082773188
2821,100064532532410
2822,100081123195714
2823,100089369141555
2824,100090118082925
2825,100009610515035
2826,100089244679053
2827,100033544491825
2828,100089936708407
2829,100078511614772
2830,100089051238855
2831,100089631820490
2832,100089836751351
2833,100059183911072
2834,100087680272074
2835,100083558940218
2836,100001052334659
2837,100088005964387
2838,100088589131805
2839,100070496323106
2840,100082522617727
2841,100089770741441
2842,100067988043854
2843,100088201914249
2844,100064596150707
2845,100089477105930
2846,100085109015831
2847,100089998264967
2848,100071965256205
2849,100090079563850
2850,100012727025557
2851,100089377628075
2852,100089709556184
2853,100089935178027
2854,100057377269842
2855,100087626666962
2856,100027772631744
2857,100068447254093
2858,100047521869444
2859,100086158145419
2860,100083902718639
2861,100072393017724
2862,100015643329920
2863,100027842564886
2864,100064850320918
2865,100080377637316
2866,100087519426869
2867,100087888090709
2868,100089869237676
2869,100089158916655
2870,100088729462992
2871,100083168157861
2872,100000542970814
2873,100089288572976
2874,100087509889423
2875,100043766381002
2876,100081258621012
2877,100066455654761
2878,100085598844906
2879,100087773156731
2880,100063477204202
2881,100082135374188
2882,100089585933578
2883,100061691171524
2884,100089907756548
2885,100085142953450
2886,100078040633859
2887,100090084060788
2888,100055025986220
2889,100089946426056
2890,100006309609037
2891,100083459239935
2892,100083318892006
2893,100089770575156
2894,100014340044547
2895,100035394656934
2896,100088910772004
2897,100083124346489
2898,100089678749958
2899,100031774217928
2900,100042211785552
2901,100086154576009
2902,100055237173757
2903,100052294478478
2904,100083384791367
2905,100089759353566
2906,100089496025429
2907,100087412936398
2908,100013619711284
2909,100000988069064
2910,100090080941572
2911,100000972499616
2912,100036103804761
2913,100040422429393
2914,100089362642523
2915,100067730920619
2916,100068801632457
2917,100085454961173
2918,100089421917651
2919,100050254570507
2920,100089417334822
2921,100066152426852
2922,100089645898552
2923,100084930981508
2924,100089634368214
2925,100010875371982
2926,100022142083156
2927,100020534095881
2928,100073442071876
2929,100069531368422
2930,100071830460467
2931,100025875094610
2932,100089740262678
2933,100015340609284
2934,100002266544964
2935,100084625106375
2936,100044864394067
2937,100089783855367
2938,100041708913409
2939,100085320969324
2940,100089632429653
2941,100004182189114
2942,100085602108031
2943,100004830750282
2944,100063673283122
2945,100087247846576
2946,100089927797979
2947,100077135194669
2948,100089333917249
2949,100089616797707
2950,100089566763207
2951,100057817086720
2952,100090065370012
2953,100072153713861
2954,100001716448635
2955,100089020991163
2956,100089958666402
2957,100090009453627
2958,100064522614993
2959,100069033647106
2960,100077853511814
2961,100035455351083
2962,100006384819250
2963,100089212841939
2964,100006823711372
2965,100090069180939
2966,100088944147604
2967,100089990794201
2968,100081998761685
2969,100063657881869
2970,100077795186356
2971,100083982825523
2972,100089816711723
2973,100088034900271
2974,100087874802626
2975,100088692116678
2976,100036258674581
2977,100088263687466
2978,100087423010524
2979,100064504861244
2980,100089796220175
2981,100089938986176
2982,100089494193500
2983,100088292304164
2984,100073837353873
2985,100089271506399
2986,100087577071353
2987,100082550057379
2988,100085079622961
2989,100001725491568
2990,100019413702044
2991,100054234892078
2992,100075797234086
2993,100087615197137
2994,100088414477525
2995,100014888709927
2996,100082748802433
2997,100083440864512
2998,100048524047429
2999,100085125009829
3000,100077903564529
3001,100067234272124
3002,100089936040626
3003,100035641661967
3004,100079719625363
3005,100089627148694
3006,100088002251863
3007,100030803469544
3008,100025283581838
3009,100045580753911
3010,100079104292120
3011,100086205169784
3012,100084380181504
3013,100083098044750
3014,100089127972979
3015,100089322562331
3016,100089145517830
3017,100088477669622
3018,100083775654617
3019,100088770858768
3020,100035724615098
3021,100009959162310
3022,100089342180576
3023,100072098663412
3024,100049495073298
3025,100069784135821
3026,100089761322929
3027,100090031710117
3028,100089530668988
3029,100088430318341
3030,100086342567913
3031,100088683065253
3032,100089778641876
3033,100089729528979
3034,100089726023482
3035,100088560815489
3036,100076940597601
3037,100083924940931
3038,100065157903810
3039,100089878836957
3040,100066637794721
3041,100064197694731
3042,100088313846972
3043,100063738384816
3044,100064859133819
3045,100050494869422
3046,100064250583602
3047,100026830488394
3048,100064210351135
3049,100087598551199
3050,100067642882630
3051,100068249869243
3052,100066931314290
3053,100064737277536
3054,100064156566914
3055,100088740356148
3056,100063712645211
3057,100086557384474
3058,100067556906282
3059,100069707096065
3060,100085493621694
3061,100076137549624
3062,100063862341150
3063,100088200157111
3064,100025656030135
3065,100063858226329
3066,100063749786916
3067,100063469677018
3068,100079041297506
3069,100067210912849
3070,100063766434548
3071,100066914070113
3072,100053554135671
3073,100063523572036
3074,100069613230197
3075,100064669934645
3076,100063863177954
3077,100064902827058
3078,100010381878150
3079,100064323656668
3080,100085235685041
3081,100088423642034
3082,100078086214437
3083,100041327220705
3084,100068431117282
3085,100089361026175
3086,100079228034353
3087,100087561241354
3088,100039587238075
3089,100086445155176
3090,100002566999058
3091,100088595673564
3092,100088985796213
3093,100010093633807
3094,100064141321377
3095,100054208224735
3096,100086801534810
3097,100014642598268
3098,100089447542027
3099,1227894756
3100,100080923222645
3101,100026796399881
3102,100015326538614
3103,100083023316367
3104,100088410425374
3105,100047202226786
3106,100041326190786
3107,100057640471584
3108,100085569306564
3109,100086067601632
3110,100087741102237
3111,100000969872250
3112,100012516666736
3113,100077634910745
3114,100046219599498
3115,100089801048487
3116,100089800838343
3117,100001238087326
3118,100089708921780
3119,100086159147029
3120,100058427690963
3121,100041000956617
3122,100020153690945
3123,100089452422964
3124,100070208526251
3125,100020724174208
3126,100089794925618
3127,100089369675818
3128,100089830325822
3129,100089927161145
3130,100007029811676
3131,100086400739491
3132,100086299303938
3133,100083403193541
3134,100089565011649
3135,100045603888541
3136,100088285880851
3137,100008550820825
3138,100089498804195
3139,100086020484886
3140,100088078677795
3141,100081468986004
3142,100083486209533
3143,100087769230462
3144,100080955905266
3145,100089503756587
3146,100027355960799
3147,100003625572485
3148,100072824274751
3149,100088007244266
3150,100082705464570
3151,100025787225372
3152,100002938997362
3153,100086094585089
3154,100086300446024
3155,100089070939111
3156,100088658270315
3157,100089181796276
3158,100043455532098
3159,100040165292128
3160,100089544672964
3161,100074164689357
3162,100041293793414
3163,100089332522707
3164,100089204912670
3165,100008499645003
3166,100088598178074
3167,100073814173038
3168,100075859783443
3169,100089327569177
3170,100088870727369
3171,100089787185561
3172,100088513369354
3173,100089048499375
3174,100054544565953
3175,100089653354130
3176,100089074563477
3177,100089263392570
3178,100003026020815
3179,100089361650801
3180,100087660291619
3181,100002938851854
3182,100088154494589
3183,100069162982919
3184,100089429345139
3185,100089653747782
3186,1716942519
3187,100089286909624
3188,100086455587576
3189,100083123830145
3190,100089468401138
3191,100081538224370
3192,100067720683649
3193,104585475447425
3194,100068737486917
3195,100078978144905
3196,100089887320229
3197,100089222111513
3198,100089339521986
3199,100089805570896
3200,100088722867240
3201,100081842025323
3202,100089062413734
3203,100063312663837
3204,100085433652795
3205,100089797593108
3206,100088035996561
3207,100064516072027
3208,100089528414045
3209,100089726315892
3210,100089097627632
3211,100021491238714
3212,100069605538590
3213,100089813521509
3214,100055860696685
3215,100009762198885
3216,100018266287364
3217,100075834143425
3218,100089083001043
3219,100010676568277
3220,100063506589216
3221,100086664665534
3222,100006468322097
3223,100079041398176
3224,100089331963492
3225,100088184146576
3226,100041785500284
3227,100089219330288
3228,100058591211466
3229,100089799272320
3230,100089523243708
3231,100007532765850
3232,100082620601258
3233,100072934805889
3234,100001689001040
3235,100066231182775
3236,100067086546880
3237,100089285028705
3238,100089437395841
3239,100089602780010
3240,100089848110353
3241,100089201906454
3242,100019074450503
3243,100081028143471
3244,100013641160401
3245,100068914590256
3246,100089811422131
3247,100088809975158
3248,1031587251
3249,100058591372964
3250,100046567864142
3251,100028291659268
3252,100085304621422
3253,100089610368937
3254,100052221468713
3255,100076316228209
3256,100087745767122
3257,100089146922038
3258,100089729671363
3259,100089052115448
3260,100089487492569
3261,100088800714352
3262,100089458695156
3263,100082616225506
3264,100088067438609
3265,100014991758842
3266,100089115061746
3267,100089496400704
3268,100073669703287
3269,100073778804930
3270,100089705705372
3271,100081671444363
3272,100089159389226
3273,100089220950044
3274,100087155986204
3275,100089565431154
3276,100089370077029
3277,100085026266596
3278,100089656230593
3279,100087974417212
3280,100024445992646
3281,100021977303156
3282,100085314932325
3283,100089159396021
3284,100081044503605
3285,100088161800837
3286,100089468952914
3287,100007253594999
3288,100085041206682
3289,100085685869574
3290,778394135
3291,100089132877071
3292,100067519391449
3293,100085602203826
3294,100089281152246
3295,100088716039071
3296,100087262341733
3297,100005590001180
3298,100087578300344
3299,100089456293853
3300,100089323068864
3301,100082765804601
3302,100089220083531
3303,100089346463326
3304,100004295231296
3305,100014705043662
3306,100056068057790
3307,100064592937249
3308,100089424524669
3309,100088667146705
3310,100009250431187
3311,100089445697828
3312,100089254595080
3313,100089216739258
3314,100089472392279
